email,password
seeded_user_1@example.com,SeededUser@2025
seeded_user_2@example.com,SeededUser@2025
seeded_user_3@example.com,SeededUser@2025
seeded_user_4@example.com,SeededUser@2025
seeded_user_5@example.com,SeededUser@2025
seeded_user_6@example.com,SeededUser@2025
seeded_user_7@example.com,SeededUser@2025
seeded_user_8@example.com,SeededUser@2025
seeded_user_9@example.com,SeededUser@2025
seeded_user_10@example.com,SeededUser@2025
seeded_user_11@example.com,SeededUser@2025
seeded_user_12@example.com,SeededUser@2025
seeded_user_13@example.com,SeededUser@2025
seeded_user_14@example.com,SeededUser@2025
seeded_user_15@example.com,SeededUser@2025
seeded_user_16@example.com,SeededUser@2025
seeded_user_17@example.com,SeededUser@2025
seeded_user_18@example.com,SeededUser@2025
seeded_user_19@example.com,SeededUser@2025
seeded_user_20@example.com,SeededUser@2025
seeded_user_21@example.com,SeededUser@2025
seeded_user_22@example.com,SeededUser@2025
seeded_user_23@example.com,SeededUser@2025
seeded_user_24@example.com,SeededUser@2025
seeded_user_25@example.com,SeededUser@2025
seeded_user_26@example.com,SeededUser@2025
seeded_user_27@example.com,SeededUser@2025
seeded_user_28@example.com,SeededUser@2025
seeded_user_29@example.com,SeededUser@2025
seeded_user_30@example.com,SeededUser@2025
seeded_user_31@example.com,SeededUser@2025
seeded_user_32@example.com,SeededUser@2025
seeded_user_33@example.com,SeededUser@2025
seeded_user_34@example.com,SeededUser@2025
seeded_user_35@example.com,SeededUser@2025
seeded_user_36@example.com,SeededUser@2025
seeded_user_37@example.com,SeededUser@2025
seeded_user_38@example.com,SeededUser@2025
seeded_user_39@example.com,SeededUser@2025
seeded_user_40@example.com,SeededUser@2025
seeded_user_41@example.com,SeededUser@2025
seeded_user_42@example.com,SeededUser@2025
seeded_user_43@example.com,SeededUser@2025
seeded_user_44@example.com,SeededUser@2025
seeded_user_45@example.com,SeededUser@2025
seeded_user_46@example.com,SeededUser@2025
seeded_user_47@example.com,SeededUser@2025
seeded_user_48@example.com,SeededUser@2025
seeded_user_49@example.com,SeededUser@2025
seeded_user_50@example.com,SeededUser@2025
seeded_user_51@example.com,SeededUser@2025
seeded_user_52@example.com,SeededUser@2025
seeded_user_53@example.com,SeededUser@2025
seeded_user_54@example.com,SeededUser@2025
seeded_user_55@example.com,SeededUser@2025
seeded_user_56@example.com,SeededUser@2025
seeded_user_57@example.com,SeededUser@2025
seeded_user_58@example.com,SeededUser@2025
seeded_user_59@example.com,SeededUser@2025
seeded_user_60@example.com,SeededUser@2025
seeded_user_61@example.com,SeededUser@2025
seeded_user_62@example.com,SeededUser@2025
seeded_user_63@example.com,SeededUser@2025
seeded_user_64@example.com,SeededUser@2025
seeded_user_65@example.com,SeededUser@2025
seeded_user_66@example.com,SeededUser@2025
seeded_user_67@example.com,SeededUser@2025
seeded_user_68@example.com,SeededUser@2025
seeded_user_69@example.com,SeededUser@2025
seeded_user_70@example.com,SeededUser@2025
seeded_user_71@example.com,SeededUser@2025
seeded_user_72@example.com,SeededUser@2025
seeded_user_73@example.com,SeededUser@2025
seeded_user_74@example.com,SeededUser@2025
seeded_user_75@example.com,SeededUser@2025
seeded_user_76@example.com,SeededUser@2025
seeded_user_77@example.com,SeededUser@2025
seeded_user_78@example.com,SeededUser@2025
seeded_user_79@example.com,SeededUser@2025
seeded_user_80@example.com,SeededUser@2025
seeded_user_81@example.com,SeededUser@2025
seeded_user_82@example.com,SeededUser@2025
seeded_user_83@example.com,SeededUser@2025
seeded_user_84@example.com,SeededUser@2025
seeded_user_85@example.com,SeededUser@2025
seeded_user_86@example.com,SeededUser@2025
seeded_user_87@example.com,SeededUser@2025
seeded_user_88@example.com,SeededUser@2025
seeded_user_89@example.com,SeededUser@2025
seeded_user_90@example.com,SeededUser@2025
seeded_user_91@example.com,SeededUser@2025
seeded_user_92@example.com,SeededUser@2025
seeded_user_93@example.com,SeededUser@2025
seeded_user_94@example.com,SeededUser@2025
seeded_user_95@example.com,SeededUser@2025
seeded_user_96@example.com,SeededUser@2025
seeded_user_97@example.com,SeededUser@2025
seeded_user_98@example.com,SeededUser@2025
seeded_user_99@example.com,SeededUser@2025
seeded_user_100@example.com,SeededUser@2025
seeded_user_101@example.com,SeededUser@2025
seeded_user_102@example.com,SeededUser@2025
seeded_user_103@example.com,SeededUser@2025
seeded_user_104@example.com,SeededUser@2025
seeded_user_105@example.com,SeededUser@2025
seeded_user_106@example.com,SeededUser@2025
seeded_user_107@example.com,SeededUser@2025
seeded_user_108@example.com,SeededUser@2025
seeded_user_109@example.com,SeededUser@2025
seeded_user_110@example.com,SeededUser@2025
seeded_user_111@example.com,SeededUser@2025
seeded_user_112@example.com,SeededUser@2025
seeded_user_113@example.com,SeededUser@2025
seeded_user_114@example.com,SeededUser@2025
seeded_user_115@example.com,SeededUser@2025
seeded_user_116@example.com,SeededUser@2025
seeded_user_117@example.com,SeededUser@2025
seeded_user_118@example.com,SeededUser@2025
seeded_user_119@example.com,SeededUser@2025
seeded_user_120@example.com,SeededUser@2025
seeded_user_121@example.com,SeededUser@2025
seeded_user_122@example.com,SeededUser@2025
seeded_user_123@example.com,SeededUser@2025
seeded_user_124@example.com,SeededUser@2025
seeded_user_125@example.com,SeededUser@2025
seeded_user_126@example.com,SeededUser@2025
seeded_user_127@example.com,SeededUser@2025
seeded_user_128@example.com,SeededUser@2025
seeded_user_129@example.com,SeededUser@2025
seeded_user_130@example.com,SeededUser@2025
seeded_user_131@example.com,SeededUser@2025
seeded_user_132@example.com,SeededUser@2025
seeded_user_133@example.com,SeededUser@2025
seeded_user_134@example.com,SeededUser@2025
seeded_user_135@example.com,SeededUser@2025
seeded_user_136@example.com,SeededUser@2025
seeded_user_137@example.com,SeededUser@2025
seeded_user_138@example.com,SeededUser@2025
seeded_user_139@example.com,SeededUser@2025
seeded_user_140@example.com,SeededUser@2025
seeded_user_141@example.com,SeededUser@2025
seeded_user_142@example.com,SeededUser@2025
seeded_user_143@example.com,SeededUser@2025
seeded_user_144@example.com,SeededUser@2025
seeded_user_145@example.com,SeededUser@2025
seeded_user_146@example.com,SeededUser@2025
seeded_user_147@example.com,SeededUser@2025
seeded_user_148@example.com,SeededUser@2025
seeded_user_149@example.com,SeededUser@2025
seeded_user_150@example.com,SeededUser@2025
seeded_user_151@example.com,SeededUser@2025
seeded_user_152@example.com,SeededUser@2025
seeded_user_153@example.com,SeededUser@2025
seeded_user_154@example.com,SeededUser@2025
seeded_user_155@example.com,SeededUser@2025
seeded_user_156@example.com,SeededUser@2025
seeded_user_157@example.com,SeededUser@2025
seeded_user_158@example.com,SeededUser@2025
seeded_user_159@example.com,SeededUser@2025
seeded_user_160@example.com,SeededUser@2025
seeded_user_161@example.com,SeededUser@2025
seeded_user_162@example.com,SeededUser@2025
seeded_user_163@example.com,SeededUser@2025
seeded_user_164@example.com,SeededUser@2025
seeded_user_165@example.com,SeededUser@2025
seeded_user_166@example.com,SeededUser@2025
seeded_user_167@example.com,SeededUser@2025
seeded_user_168@example.com,SeededUser@2025
seeded_user_169@example.com,SeededUser@2025
seeded_user_170@example.com,SeededUser@2025
seeded_user_171@example.com,SeededUser@2025
seeded_user_172@example.com,SeededUser@2025
seeded_user_173@example.com,SeededUser@2025
seeded_user_174@example.com,SeededUser@2025
seeded_user_175@example.com,SeededUser@2025
seeded_user_176@example.com,SeededUser@2025
seeded_user_177@example.com,SeededUser@2025
seeded_user_178@example.com,SeededUser@2025
seeded_user_179@example.com,SeededUser@2025
seeded_user_180@example.com,SeededUser@2025
seeded_user_181@example.com,SeededUser@2025
seeded_user_182@example.com,SeededUser@2025
seeded_user_183@example.com,SeededUser@2025
seeded_user_184@example.com,SeededUser@2025
seeded_user_185@example.com,SeededUser@2025
seeded_user_186@example.com,SeededUser@2025
seeded_user_187@example.com,SeededUser@2025
seeded_user_188@example.com,SeededUser@2025
seeded_user_189@example.com,SeededUser@2025
seeded_user_190@example.com,SeededUser@2025
seeded_user_191@example.com,SeededUser@2025
seeded_user_192@example.com,SeededUser@2025
seeded_user_193@example.com,SeededUser@2025
seeded_user_194@example.com,SeededUser@2025
seeded_user_195@example.com,SeededUser@2025
seeded_user_196@example.com,SeededUser@2025
seeded_user_197@example.com,SeededUser@2025
seeded_user_198@example.com,SeededUser@2025
seeded_user_199@example.com,SeededUser@2025
seeded_user_200@example.com,SeededUser@2025
seeded_user_201@example.com,SeededUser@2025
seeded_user_202@example.com,SeededUser@2025
seeded_user_203@example.com,SeededUser@2025
seeded_user_204@example.com,SeededUser@2025
seeded_user_205@example.com,SeededUser@2025
seeded_user_206@example.com,SeededUser@2025
seeded_user_207@example.com,SeededUser@2025
seeded_user_208@example.com,SeededUser@2025
seeded_user_209@example.com,SeededUser@2025
seeded_user_210@example.com,SeededUser@2025
seeded_user_211@example.com,SeededUser@2025
seeded_user_212@example.com,SeededUser@2025
seeded_user_213@example.com,SeededUser@2025
seeded_user_214@example.com,SeededUser@2025
seeded_user_215@example.com,SeededUser@2025
seeded_user_216@example.com,SeededUser@2025
seeded_user_217@example.com,SeededUser@2025
seeded_user_218@example.com,SeededUser@2025
seeded_user_219@example.com,SeededUser@2025
seeded_user_220@example.com,SeededUser@2025
seeded_user_221@example.com,SeededUser@2025
seeded_user_222@example.com,SeededUser@2025
seeded_user_223@example.com,SeededUser@2025
seeded_user_224@example.com,SeededUser@2025
seeded_user_225@example.com,SeededUser@2025
seeded_user_226@example.com,SeededUser@2025
seeded_user_227@example.com,SeededUser@2025
seeded_user_228@example.com,SeededUser@2025
seeded_user_229@example.com,SeededUser@2025
seeded_user_230@example.com,SeededUser@2025
seeded_user_231@example.com,SeededUser@2025
seeded_user_232@example.com,SeededUser@2025
seeded_user_233@example.com,SeededUser@2025
seeded_user_234@example.com,SeededUser@2025
seeded_user_235@example.com,SeededUser@2025
seeded_user_236@example.com,SeededUser@2025
seeded_user_237@example.com,SeededUser@2025
seeded_user_238@example.com,SeededUser@2025
seeded_user_239@example.com,SeededUser@2025
seeded_user_240@example.com,SeededUser@2025
seeded_user_241@example.com,SeededUser@2025
seeded_user_242@example.com,SeededUser@2025
seeded_user_243@example.com,SeededUser@2025
seeded_user_244@example.com,SeededUser@2025
seeded_user_245@example.com,SeededUser@2025
seeded_user_246@example.com,SeededUser@2025
seeded_user_247@example.com,SeededUser@2025
seeded_user_248@example.com,SeededUser@2025
seeded_user_249@example.com,SeededUser@2025
seeded_user_250@example.com,SeededUser@2025
seeded_user_251@example.com,SeededUser@2025
seeded_user_252@example.com,SeededUser@2025
seeded_user_253@example.com,SeededUser@2025
seeded_user_254@example.com,SeededUser@2025
seeded_user_255@example.com,SeededUser@2025
seeded_user_256@example.com,SeededUser@2025
seeded_user_257@example.com,SeededUser@2025
seeded_user_258@example.com,SeededUser@2025
seeded_user_259@example.com,SeededUser@2025
seeded_user_260@example.com,SeededUser@2025
seeded_user_261@example.com,SeededUser@2025
seeded_user_262@example.com,SeededUser@2025
seeded_user_263@example.com,SeededUser@2025
seeded_user_264@example.com,SeededUser@2025
seeded_user_265@example.com,SeededUser@2025
seeded_user_266@example.com,SeededUser@2025
seeded_user_267@example.com,SeededUser@2025
seeded_user_268@example.com,SeededUser@2025
seeded_user_269@example.com,SeededUser@2025
seeded_user_270@example.com,SeededUser@2025
seeded_user_271@example.com,SeededUser@2025
seeded_user_272@example.com,SeededUser@2025
seeded_user_273@example.com,SeededUser@2025
seeded_user_274@example.com,SeededUser@2025
seeded_user_275@example.com,SeededUser@2025
seeded_user_276@example.com,SeededUser@2025
seeded_user_277@example.com,SeededUser@2025
seeded_user_278@example.com,SeededUser@2025
seeded_user_279@example.com,SeededUser@2025
seeded_user_280@example.com,SeededUser@2025
seeded_user_281@example.com,SeededUser@2025
seeded_user_282@example.com,SeededUser@2025
seeded_user_283@example.com,SeededUser@2025
seeded_user_284@example.com,SeededUser@2025
seeded_user_285@example.com,SeededUser@2025
seeded_user_286@example.com,SeededUser@2025
seeded_user_287@example.com,SeededUser@2025
seeded_user_288@example.com,SeededUser@2025
seeded_user_289@example.com,SeededUser@2025
seeded_user_290@example.com,SeededUser@2025
seeded_user_291@example.com,SeededUser@2025
seeded_user_292@example.com,SeededUser@2025
seeded_user_293@example.com,SeededUser@2025
seeded_user_294@example.com,SeededUser@2025
seeded_user_295@example.com,SeededUser@2025
seeded_user_296@example.com,SeededUser@2025
seeded_user_297@example.com,SeededUser@2025
seeded_user_298@example.com,SeededUser@2025
seeded_user_299@example.com,SeededUser@2025
seeded_user_300@example.com,SeededUser@2025
seeded_user_301@example.com,SeededUser@2025
seeded_user_302@example.com,SeededUser@2025
seeded_user_303@example.com,SeededUser@2025
seeded_user_304@example.com,SeededUser@2025
seeded_user_305@example.com,SeededUser@2025
seeded_user_306@example.com,SeededUser@2025
seeded_user_307@example.com,SeededUser@2025
seeded_user_308@example.com,SeededUser@2025
seeded_user_309@example.com,SeededUser@2025
seeded_user_310@example.com,SeededUser@2025
seeded_user_311@example.com,SeededUser@2025
seeded_user_312@example.com,SeededUser@2025
seeded_user_313@example.com,SeededUser@2025
seeded_user_314@example.com,SeededUser@2025
seeded_user_315@example.com,SeededUser@2025
seeded_user_316@example.com,SeededUser@2025
seeded_user_317@example.com,SeededUser@2025
seeded_user_318@example.com,SeededUser@2025
seeded_user_319@example.com,SeededUser@2025
seeded_user_320@example.com,SeededUser@2025
seeded_user_321@example.com,SeededUser@2025
seeded_user_322@example.com,SeededUser@2025
seeded_user_323@example.com,SeededUser@2025
seeded_user_324@example.com,SeededUser@2025
seeded_user_325@example.com,SeededUser@2025
seeded_user_326@example.com,SeededUser@2025
seeded_user_327@example.com,SeededUser@2025
seeded_user_328@example.com,SeededUser@2025
seeded_user_329@example.com,SeededUser@2025
seeded_user_330@example.com,SeededUser@2025
seeded_user_331@example.com,SeededUser@2025
seeded_user_332@example.com,SeededUser@2025
seeded_user_333@example.com,SeededUser@2025
seeded_user_334@example.com,SeededUser@2025
seeded_user_335@example.com,SeededUser@2025
seeded_user_336@example.com,SeededUser@2025
seeded_user_337@example.com,SeededUser@2025
seeded_user_338@example.com,SeededUser@2025
seeded_user_339@example.com,SeededUser@2025
seeded_user_340@example.com,SeededUser@2025
seeded_user_341@example.com,SeededUser@2025
seeded_user_342@example.com,SeededUser@2025
seeded_user_343@example.com,SeededUser@2025
seeded_user_344@example.com,SeededUser@2025
seeded_user_345@example.com,SeededUser@2025
seeded_user_346@example.com,SeededUser@2025
seeded_user_347@example.com,SeededUser@2025
seeded_user_348@example.com,SeededUser@2025
seeded_user_349@example.com,SeededUser@2025
seeded_user_350@example.com,SeededUser@2025
seeded_user_351@example.com,SeededUser@2025
seeded_user_352@example.com,SeededUser@2025
seeded_user_353@example.com,SeededUser@2025
seeded_user_354@example.com,SeededUser@2025
seeded_user_355@example.com,SeededUser@2025
seeded_user_356@example.com,SeededUser@2025
seeded_user_357@example.com,SeededUser@2025
seeded_user_358@example.com,SeededUser@2025
seeded_user_359@example.com,SeededUser@2025
seeded_user_360@example.com,SeededUser@2025
seeded_user_361@example.com,SeededUser@2025
seeded_user_362@example.com,SeededUser@2025
seeded_user_363@example.com,SeededUser@2025
seeded_user_364@example.com,SeededUser@2025
seeded_user_365@example.com,SeededUser@2025
seeded_user_366@example.com,SeededUser@2025
seeded_user_367@example.com,SeededUser@2025
seeded_user_368@example.com,SeededUser@2025
seeded_user_369@example.com,SeededUser@2025
seeded_user_370@example.com,SeededUser@2025
seeded_user_371@example.com,SeededUser@2025
seeded_user_372@example.com,SeededUser@2025
seeded_user_373@example.com,SeededUser@2025
seeded_user_374@example.com,SeededUser@2025
seeded_user_375@example.com,SeededUser@2025
seeded_user_376@example.com,SeededUser@2025
seeded_user_377@example.com,SeededUser@2025
seeded_user_378@example.com,SeededUser@2025
seeded_user_379@example.com,SeededUser@2025
seeded_user_380@example.com,SeededUser@2025
seeded_user_381@example.com,SeededUser@2025
seeded_user_382@example.com,SeededUser@2025
seeded_user_383@example.com,SeededUser@2025
seeded_user_384@example.com,SeededUser@2025
seeded_user_385@example.com,SeededUser@2025
seeded_user_386@example.com,SeededUser@2025
seeded_user_387@example.com,SeededUser@2025
seeded_user_388@example.com,SeededUser@2025
seeded_user_389@example.com,SeededUser@2025
seeded_user_390@example.com,SeededUser@2025
seeded_user_391@example.com,SeededUser@2025
seeded_user_392@example.com,SeededUser@2025
seeded_user_393@example.com,SeededUser@2025
seeded_user_394@example.com,SeededUser@2025
seeded_user_395@example.com,SeededUser@2025
seeded_user_396@example.com,SeededUser@2025
seeded_user_397@example.com,SeededUser@2025
seeded_user_398@example.com,SeededUser@2025
seeded_user_399@example.com,SeededUser@2025
seeded_user_400@example.com,SeededUser@2025
seeded_user_401@example.com,SeededUser@2025
seeded_user_402@example.com,SeededUser@2025
seeded_user_403@example.com,SeededUser@2025
seeded_user_404@example.com,SeededUser@2025
seeded_user_405@example.com,SeededUser@2025
seeded_user_406@example.com,SeededUser@2025
seeded_user_407@example.com,SeededUser@2025
seeded_user_408@example.com,SeededUser@2025
seeded_user_409@example.com,SeededUser@2025
seeded_user_410@example.com,SeededUser@2025
seeded_user_411@example.com,SeededUser@2025
seeded_user_412@example.com,SeededUser@2025
seeded_user_413@example.com,SeededUser@2025
seeded_user_414@example.com,SeededUser@2025
seeded_user_415@example.com,SeededUser@2025
seeded_user_416@example.com,SeededUser@2025
seeded_user_417@example.com,SeededUser@2025
seeded_user_418@example.com,SeededUser@2025
seeded_user_419@example.com,SeededUser@2025
seeded_user_420@example.com,SeededUser@2025
seeded_user_421@example.com,SeededUser@2025
seeded_user_422@example.com,SeededUser@2025
seeded_user_423@example.com,SeededUser@2025
seeded_user_424@example.com,SeededUser@2025
seeded_user_425@example.com,SeededUser@2025
seeded_user_426@example.com,SeededUser@2025
seeded_user_427@example.com,SeededUser@2025
seeded_user_428@example.com,SeededUser@2025
seeded_user_429@example.com,SeededUser@2025
seeded_user_430@example.com,SeededUser@2025
seeded_user_431@example.com,SeededUser@2025
seeded_user_432@example.com,SeededUser@2025
seeded_user_433@example.com,SeededUser@2025
seeded_user_434@example.com,SeededUser@2025
seeded_user_435@example.com,SeededUser@2025
seeded_user_436@example.com,SeededUser@2025
seeded_user_437@example.com,SeededUser@2025
seeded_user_438@example.com,SeededUser@2025
seeded_user_439@example.com,SeededUser@2025
seeded_user_440@example.com,SeededUser@2025
seeded_user_441@example.com,SeededUser@2025
seeded_user_442@example.com,SeededUser@2025
seeded_user_443@example.com,SeededUser@2025
seeded_user_444@example.com,SeededUser@2025
seeded_user_445@example.com,SeededUser@2025
seeded_user_446@example.com,SeededUser@2025
seeded_user_447@example.com,SeededUser@2025
seeded_user_448@example.com,SeededUser@2025
seeded_user_449@example.com,SeededUser@2025
seeded_user_450@example.com,SeededUser@2025
seeded_user_451@example.com,SeededUser@2025
seeded_user_452@example.com,SeededUser@2025
seeded_user_453@example.com,SeededUser@2025
seeded_user_454@example.com,SeededUser@2025
seeded_user_455@example.com,SeededUser@2025
seeded_user_456@example.com,SeededUser@2025
seeded_user_457@example.com,SeededUser@2025
seeded_user_458@example.com,SeededUser@2025
seeded_user_459@example.com,SeededUser@2025
seeded_user_460@example.com,SeededUser@2025
seeded_user_461@example.com,SeededUser@2025
seeded_user_462@example.com,SeededUser@2025
seeded_user_463@example.com,SeededUser@2025
seeded_user_464@example.com,SeededUser@2025
seeded_user_465@example.com,SeededUser@2025
seeded_user_466@example.com,SeededUser@2025
seeded_user_467@example.com,SeededUser@2025
seeded_user_468@example.com,SeededUser@2025
seeded_user_469@example.com,SeededUser@2025
seeded_user_470@example.com,SeededUser@2025
seeded_user_471@example.com,SeededUser@2025
seeded_user_472@example.com,SeededUser@2025
seeded_user_473@example.com,SeededUser@2025
seeded_user_474@example.com,SeededUser@2025
seeded_user_475@example.com,SeededUser@2025
seeded_user_476@example.com,SeededUser@2025
seeded_user_477@example.com,SeededUser@2025
seeded_user_478@example.com,SeededUser@2025
seeded_user_479@example.com,SeededUser@2025
seeded_user_480@example.com,SeededUser@2025
seeded_user_481@example.com,SeededUser@2025
seeded_user_482@example.com,SeededUser@2025
seeded_user_483@example.com,SeededUser@2025
seeded_user_484@example.com,SeededUser@2025
seeded_user_485@example.com,SeededUser@2025
seeded_user_486@example.com,SeededUser@2025
seeded_user_487@example.com,SeededUser@2025
seeded_user_488@example.com,SeededUser@2025
seeded_user_489@example.com,SeededUser@2025
seeded_user_490@example.com,SeededUser@2025
seeded_user_491@example.com,SeededUser@2025
seeded_user_492@example.com,SeededUser@2025
seeded_user_493@example.com,SeededUser@2025
seeded_user_494@example.com,SeededUser@2025
seeded_user_495@example.com,SeededUser@2025
seeded_user_496@example.com,SeededUser@2025
seeded_user_497@example.com,SeededUser@2025
seeded_user_498@example.com,SeededUser@2025
seeded_user_499@example.com,SeededUser@2025
seeded_user_500@example.com,SeededUser@2025
seeded_user_501@example.com,SeededUser@2025
seeded_user_502@example.com,SeededUser@2025
seeded_user_503@example.com,SeededUser@2025
seeded_user_504@example.com,SeededUser@2025
seeded_user_505@example.com,SeededUser@2025
seeded_user_506@example.com,SeededUser@2025
seeded_user_507@example.com,SeededUser@2025
seeded_user_508@example.com,SeededUser@2025
seeded_user_509@example.com,SeededUser@2025
seeded_user_510@example.com,SeededUser@2025
seeded_user_511@example.com,SeededUser@2025
seeded_user_512@example.com,SeededUser@2025
seeded_user_513@example.com,SeededUser@2025
seeded_user_514@example.com,SeededUser@2025
seeded_user_515@example.com,SeededUser@2025
seeded_user_516@example.com,SeededUser@2025
seeded_user_517@example.com,SeededUser@2025
seeded_user_518@example.com,SeededUser@2025
seeded_user_519@example.com,SeededUser@2025
seeded_user_520@example.com,SeededUser@2025
seeded_user_521@example.com,SeededUser@2025
seeded_user_522@example.com,SeededUser@2025
seeded_user_523@example.com,SeededUser@2025
seeded_user_524@example.com,SeededUser@2025
seeded_user_525@example.com,SeededUser@2025
seeded_user_526@example.com,SeededUser@2025
seeded_user_527@example.com,SeededUser@2025
seeded_user_528@example.com,SeededUser@2025
seeded_user_529@example.com,SeededUser@2025
seeded_user_530@example.com,SeededUser@2025
seeded_user_531@example.com,SeededUser@2025
seeded_user_532@example.com,SeededUser@2025
seeded_user_533@example.com,SeededUser@2025
seeded_user_534@example.com,SeededUser@2025
seeded_user_535@example.com,SeededUser@2025
seeded_user_536@example.com,SeededUser@2025
seeded_user_537@example.com,SeededUser@2025
seeded_user_538@example.com,SeededUser@2025
seeded_user_539@example.com,SeededUser@2025
seeded_user_540@example.com,SeededUser@2025
seeded_user_541@example.com,SeededUser@2025
seeded_user_542@example.com,SeededUser@2025
seeded_user_543@example.com,SeededUser@2025
seeded_user_544@example.com,SeededUser@2025
seeded_user_545@example.com,SeededUser@2025
seeded_user_546@example.com,SeededUser@2025
seeded_user_547@example.com,SeededUser@2025
seeded_user_548@example.com,SeededUser@2025
seeded_user_549@example.com,SeededUser@2025
seeded_user_550@example.com,SeededUser@2025
seeded_user_551@example.com,SeededUser@2025
seeded_user_552@example.com,SeededUser@2025
seeded_user_553@example.com,SeededUser@2025
seeded_user_554@example.com,SeededUser@2025
seeded_user_555@example.com,SeededUser@2025
seeded_user_556@example.com,SeededUser@2025
seeded_user_557@example.com,SeededUser@2025
seeded_user_558@example.com,SeededUser@2025
seeded_user_559@example.com,SeededUser@2025
seeded_user_560@example.com,SeededUser@2025
seeded_user_561@example.com,SeededUser@2025
seeded_user_562@example.com,SeededUser@2025
seeded_user_563@example.com,SeededUser@2025
seeded_user_564@example.com,SeededUser@2025
seeded_user_565@example.com,SeededUser@2025
seeded_user_566@example.com,SeededUser@2025
seeded_user_567@example.com,SeededUser@2025
seeded_user_568@example.com,SeededUser@2025
seeded_user_569@example.com,SeededUser@2025
seeded_user_570@example.com,SeededUser@2025
seeded_user_571@example.com,SeededUser@2025
seeded_user_572@example.com,SeededUser@2025
seeded_user_573@example.com,SeededUser@2025
seeded_user_574@example.com,SeededUser@2025
seeded_user_575@example.com,SeededUser@2025
seeded_user_576@example.com,SeededUser@2025
seeded_user_577@example.com,SeededUser@2025
seeded_user_578@example.com,SeededUser@2025
seeded_user_579@example.com,SeededUser@2025
seeded_user_580@example.com,SeededUser@2025
seeded_user_581@example.com,SeededUser@2025
seeded_user_582@example.com,SeededUser@2025
seeded_user_583@example.com,SeededUser@2025
seeded_user_584@example.com,SeededUser@2025
seeded_user_585@example.com,SeededUser@2025
seeded_user_586@example.com,SeededUser@2025
seeded_user_587@example.com,SeededUser@2025
seeded_user_588@example.com,SeededUser@2025
seeded_user_589@example.com,SeededUser@2025
seeded_user_590@example.com,SeededUser@2025
seeded_user_591@example.com,SeededUser@2025
seeded_user_592@example.com,SeededUser@2025
seeded_user_593@example.com,SeededUser@2025
seeded_user_594@example.com,SeededUser@2025
seeded_user_595@example.com,SeededUser@2025
seeded_user_596@example.com,SeededUser@2025
seeded_user_597@example.com,SeededUser@2025
seeded_user_598@example.com,SeededUser@2025
seeded_user_599@example.com,SeededUser@2025
seeded_user_600@example.com,SeededUser@2025
seeded_user_601@example.com,SeededUser@2025
seeded_user_602@example.com,SeededUser@2025
seeded_user_603@example.com,SeededUser@2025
seeded_user_604@example.com,SeededUser@2025
seeded_user_605@example.com,SeededUser@2025
seeded_user_606@example.com,SeededUser@2025
seeded_user_607@example.com,SeededUser@2025
seeded_user_608@example.com,SeededUser@2025
seeded_user_609@example.com,SeededUser@2025
seeded_user_610@example.com,SeededUser@2025
seeded_user_611@example.com,SeededUser@2025
seeded_user_612@example.com,SeededUser@2025
seeded_user_613@example.com,SeededUser@2025
seeded_user_614@example.com,SeededUser@2025
seeded_user_615@example.com,SeededUser@2025
seeded_user_616@example.com,SeededUser@2025
seeded_user_617@example.com,SeededUser@2025
seeded_user_618@example.com,SeededUser@2025
seeded_user_619@example.com,SeededUser@2025
seeded_user_620@example.com,SeededUser@2025
seeded_user_621@example.com,SeededUser@2025
seeded_user_622@example.com,SeededUser@2025
seeded_user_623@example.com,SeededUser@2025
seeded_user_624@example.com,SeededUser@2025
seeded_user_625@example.com,SeededUser@2025
seeded_user_626@example.com,SeededUser@2025
seeded_user_627@example.com,SeededUser@2025
seeded_user_628@example.com,SeededUser@2025
seeded_user_629@example.com,SeededUser@2025
seeded_user_630@example.com,SeededUser@2025
seeded_user_631@example.com,SeededUser@2025
seeded_user_632@example.com,SeededUser@2025
seeded_user_633@example.com,SeededUser@2025
seeded_user_634@example.com,SeededUser@2025
seeded_user_635@example.com,SeededUser@2025
seeded_user_636@example.com,SeededUser@2025
seeded_user_637@example.com,SeededUser@2025
seeded_user_638@example.com,SeededUser@2025
seeded_user_639@example.com,SeededUser@2025
seeded_user_640@example.com,SeededUser@2025
seeded_user_641@example.com,SeededUser@2025
seeded_user_642@example.com,SeededUser@2025
seeded_user_643@example.com,SeededUser@2025
seeded_user_644@example.com,SeededUser@2025
seeded_user_645@example.com,SeededUser@2025
seeded_user_646@example.com,SeededUser@2025
seeded_user_647@example.com,SeededUser@2025
seeded_user_648@example.com,SeededUser@2025
seeded_user_649@example.com,SeededUser@2025
seeded_user_650@example.com,SeededUser@2025
seeded_user_651@example.com,SeededUser@2025
seeded_user_652@example.com,SeededUser@2025
seeded_user_653@example.com,SeededUser@2025
seeded_user_654@example.com,SeededUser@2025
seeded_user_655@example.com,SeededUser@2025
seeded_user_656@example.com,SeededUser@2025
seeded_user_657@example.com,SeededUser@2025
seeded_user_658@example.com,SeededUser@2025
seeded_user_659@example.com,SeededUser@2025
seeded_user_660@example.com,SeededUser@2025
seeded_user_661@example.com,SeededUser@2025
seeded_user_662@example.com,SeededUser@2025
seeded_user_663@example.com,SeededUser@2025
seeded_user_664@example.com,SeededUser@2025
seeded_user_665@example.com,SeededUser@2025
seeded_user_666@example.com,SeededUser@2025
seeded_user_667@example.com,SeededUser@2025
seeded_user_668@example.com,SeededUser@2025
seeded_user_669@example.com,SeededUser@2025
seeded_user_670@example.com,SeededUser@2025
seeded_user_671@example.com,SeededUser@2025
seeded_user_672@example.com,SeededUser@2025
seeded_user_673@example.com,SeededUser@2025
seeded_user_674@example.com,SeededUser@2025
seeded_user_675@example.com,SeededUser@2025
seeded_user_676@example.com,SeededUser@2025
seeded_user_677@example.com,SeededUser@2025
seeded_user_678@example.com,SeededUser@2025
seeded_user_679@example.com,SeededUser@2025
seeded_user_680@example.com,SeededUser@2025
seeded_user_681@example.com,SeededUser@2025
seeded_user_682@example.com,SeededUser@2025
seeded_user_683@example.com,SeededUser@2025
seeded_user_684@example.com,SeededUser@2025
seeded_user_685@example.com,SeededUser@2025
seeded_user_686@example.com,SeededUser@2025
seeded_user_687@example.com,SeededUser@2025
seeded_user_688@example.com,SeededUser@2025
seeded_user_689@example.com,SeededUser@2025
seeded_user_690@example.com,SeededUser@2025
seeded_user_691@example.com,SeededUser@2025
seeded_user_692@example.com,SeededUser@2025
seeded_user_693@example.com,SeededUser@2025
seeded_user_694@example.com,SeededUser@2025
seeded_user_695@example.com,SeededUser@2025
seeded_user_696@example.com,SeededUser@2025
seeded_user_697@example.com,SeededUser@2025
seeded_user_698@example.com,SeededUser@2025
seeded_user_699@example.com,SeededUser@2025
seeded_user_700@example.com,SeededUser@2025
seeded_user_701@example.com,SeededUser@2025
seeded_user_702@example.com,SeededUser@2025
seeded_user_703@example.com,SeededUser@2025
seeded_user_704@example.com,SeededUser@2025
seeded_user_705@example.com,SeededUser@2025
seeded_user_706@example.com,SeededUser@2025
seeded_user_707@example.com,SeededUser@2025
seeded_user_708@example.com,SeededUser@2025
seeded_user_709@example.com,SeededUser@2025
seeded_user_710@example.com,SeededUser@2025
seeded_user_711@example.com,SeededUser@2025
seeded_user_712@example.com,SeededUser@2025
seeded_user_713@example.com,SeededUser@2025
seeded_user_714@example.com,SeededUser@2025
seeded_user_715@example.com,SeededUser@2025
seeded_user_716@example.com,SeededUser@2025
seeded_user_717@example.com,SeededUser@2025
seeded_user_718@example.com,SeededUser@2025
seeded_user_719@example.com,SeededUser@2025
seeded_user_720@example.com,SeededUser@2025
seeded_user_721@example.com,SeededUser@2025
seeded_user_722@example.com,SeededUser@2025
seeded_user_723@example.com,SeededUser@2025
seeded_user_724@example.com,SeededUser@2025
seeded_user_725@example.com,SeededUser@2025
seeded_user_726@example.com,SeededUser@2025
seeded_user_727@example.com,SeededUser@2025
seeded_user_728@example.com,SeededUser@2025
seeded_user_729@example.com,SeededUser@2025
seeded_user_730@example.com,SeededUser@2025
seeded_user_731@example.com,SeededUser@2025
seeded_user_732@example.com,SeededUser@2025
seeded_user_733@example.com,SeededUser@2025
seeded_user_734@example.com,SeededUser@2025
seeded_user_735@example.com,SeededUser@2025
seeded_user_736@example.com,SeededUser@2025
seeded_user_737@example.com,SeededUser@2025
seeded_user_738@example.com,SeededUser@2025
seeded_user_739@example.com,SeededUser@2025
seeded_user_740@example.com,SeededUser@2025
seeded_user_741@example.com,SeededUser@2025
seeded_user_742@example.com,SeededUser@2025
seeded_user_743@example.com,SeededUser@2025
seeded_user_744@example.com,SeededUser@2025
seeded_user_745@example.com,SeededUser@2025
seeded_user_746@example.com,SeededUser@2025
seeded_user_747@example.com,SeededUser@2025
seeded_user_748@example.com,SeededUser@2025
seeded_user_749@example.com,SeededUser@2025
seeded_user_750@example.com,SeededUser@2025
seeded_user_751@example.com,SeededUser@2025
seeded_user_752@example.com,SeededUser@2025
seeded_user_753@example.com,SeededUser@2025
seeded_user_754@example.com,SeededUser@2025
seeded_user_755@example.com,SeededUser@2025
seeded_user_756@example.com,SeededUser@2025
seeded_user_757@example.com,SeededUser@2025
seeded_user_758@example.com,SeededUser@2025
seeded_user_759@example.com,SeededUser@2025
seeded_user_760@example.com,SeededUser@2025
seeded_user_761@example.com,SeededUser@2025
seeded_user_762@example.com,SeededUser@2025
seeded_user_763@example.com,SeededUser@2025
seeded_user_764@example.com,SeededUser@2025
seeded_user_765@example.com,SeededUser@2025
seeded_user_766@example.com,SeededUser@2025
seeded_user_767@example.com,SeededUser@2025
seeded_user_768@example.com,SeededUser@2025
seeded_user_769@example.com,SeededUser@2025
seeded_user_770@example.com,SeededUser@2025
seeded_user_771@example.com,SeededUser@2025
seeded_user_772@example.com,SeededUser@2025
seeded_user_773@example.com,SeededUser@2025
seeded_user_774@example.com,SeededUser@2025
seeded_user_775@example.com,SeededUser@2025
seeded_user_776@example.com,SeededUser@2025
seeded_user_777@example.com,SeededUser@2025
seeded_user_778@example.com,SeededUser@2025
seeded_user_779@example.com,SeededUser@2025
seeded_user_780@example.com,SeededUser@2025
seeded_user_781@example.com,SeededUser@2025
seeded_user_782@example.com,SeededUser@2025
seeded_user_783@example.com,SeededUser@2025
seeded_user_784@example.com,SeededUser@2025
seeded_user_785@example.com,SeededUser@2025
seeded_user_786@example.com,SeededUser@2025
seeded_user_787@example.com,SeededUser@2025
seeded_user_788@example.com,SeededUser@2025
seeded_user_789@example.com,SeededUser@2025
seeded_user_790@example.com,SeededUser@2025
seeded_user_791@example.com,SeededUser@2025
seeded_user_792@example.com,SeededUser@2025
seeded_user_793@example.com,SeededUser@2025
seeded_user_794@example.com,SeededUser@2025
seeded_user_795@example.com,SeededUser@2025
seeded_user_796@example.com,SeededUser@2025
seeded_user_797@example.com,SeededUser@2025
seeded_user_798@example.com,SeededUser@2025
seeded_user_799@example.com,SeededUser@2025
seeded_user_800@example.com,SeededUser@2025
seeded_user_801@example.com,SeededUser@2025
seeded_user_802@example.com,SeededUser@2025
seeded_user_803@example.com,SeededUser@2025
seeded_user_804@example.com,SeededUser@2025
seeded_user_805@example.com,SeededUser@2025
seeded_user_806@example.com,SeededUser@2025
seeded_user_807@example.com,SeededUser@2025
seeded_user_808@example.com,SeededUser@2025
seeded_user_809@example.com,SeededUser@2025
seeded_user_810@example.com,SeededUser@2025
seeded_user_811@example.com,SeededUser@2025
seeded_user_812@example.com,SeededUser@2025
seeded_user_813@example.com,SeededUser@2025
seeded_user_814@example.com,SeededUser@2025
seeded_user_815@example.com,SeededUser@2025
seeded_user_816@example.com,SeededUser@2025
seeded_user_817@example.com,SeededUser@2025
seeded_user_818@example.com,SeededUser@2025
seeded_user_819@example.com,SeededUser@2025
seeded_user_820@example.com,SeededUser@2025
seeded_user_821@example.com,SeededUser@2025
seeded_user_822@example.com,SeededUser@2025
seeded_user_823@example.com,SeededUser@2025
seeded_user_824@example.com,SeededUser@2025
seeded_user_825@example.com,SeededUser@2025
seeded_user_826@example.com,SeededUser@2025
seeded_user_827@example.com,SeededUser@2025
seeded_user_828@example.com,SeededUser@2025
seeded_user_829@example.com,SeededUser@2025
seeded_user_830@example.com,SeededUser@2025
seeded_user_831@example.com,SeededUser@2025
seeded_user_832@example.com,SeededUser@2025
seeded_user_833@example.com,SeededUser@2025
seeded_user_834@example.com,SeededUser@2025
seeded_user_835@example.com,SeededUser@2025
seeded_user_836@example.com,SeededUser@2025
seeded_user_837@example.com,SeededUser@2025
seeded_user_838@example.com,SeededUser@2025
seeded_user_839@example.com,SeededUser@2025
seeded_user_840@example.com,SeededUser@2025
seeded_user_841@example.com,SeededUser@2025
seeded_user_842@example.com,SeededUser@2025
seeded_user_843@example.com,SeededUser@2025
seeded_user_844@example.com,SeededUser@2025
seeded_user_845@example.com,SeededUser@2025
seeded_user_846@example.com,SeededUser@2025
seeded_user_847@example.com,SeededUser@2025
seeded_user_848@example.com,SeededUser@2025
seeded_user_849@example.com,SeededUser@2025
seeded_user_850@example.com,SeededUser@2025
seeded_user_851@example.com,SeededUser@2025
seeded_user_852@example.com,SeededUser@2025
seeded_user_853@example.com,SeededUser@2025
seeded_user_854@example.com,SeededUser@2025
seeded_user_855@example.com,SeededUser@2025
seeded_user_856@example.com,SeededUser@2025
seeded_user_857@example.com,SeededUser@2025
seeded_user_858@example.com,SeededUser@2025
seeded_user_859@example.com,SeededUser@2025
seeded_user_860@example.com,SeededUser@2025
seeded_user_861@example.com,SeededUser@2025
seeded_user_862@example.com,SeededUser@2025
seeded_user_863@example.com,SeededUser@2025
seeded_user_864@example.com,SeededUser@2025
seeded_user_865@example.com,SeededUser@2025
seeded_user_866@example.com,SeededUser@2025
seeded_user_867@example.com,SeededUser@2025
seeded_user_868@example.com,SeededUser@2025
seeded_user_869@example.com,SeededUser@2025
seeded_user_870@example.com,SeededUser@2025
seeded_user_871@example.com,SeededUser@2025
seeded_user_872@example.com,SeededUser@2025
seeded_user_873@example.com,SeededUser@2025
seeded_user_874@example.com,SeededUser@2025
seeded_user_875@example.com,SeededUser@2025
seeded_user_876@example.com,SeededUser@2025
seeded_user_877@example.com,SeededUser@2025
seeded_user_878@example.com,SeededUser@2025
seeded_user_879@example.com,SeededUser@2025
seeded_user_880@example.com,SeededUser@2025
seeded_user_881@example.com,SeededUser@2025
seeded_user_882@example.com,SeededUser@2025
seeded_user_883@example.com,SeededUser@2025
seeded_user_884@example.com,SeededUser@2025
seeded_user_885@example.com,SeededUser@2025
seeded_user_886@example.com,SeededUser@2025
seeded_user_887@example.com,SeededUser@2025
seeded_user_888@example.com,SeededUser@2025
seeded_user_889@example.com,SeededUser@2025
seeded_user_890@example.com,SeededUser@2025
seeded_user_891@example.com,SeededUser@2025
seeded_user_892@example.com,SeededUser@2025
seeded_user_893@example.com,SeededUser@2025
seeded_user_894@example.com,SeededUser@2025
seeded_user_895@example.com,SeededUser@2025
seeded_user_896@example.com,SeededUser@2025
seeded_user_897@example.com,SeededUser@2025
seeded_user_898@example.com,SeededUser@2025
seeded_user_899@example.com,SeededUser@2025
seeded_user_900@example.com,SeededUser@2025
seeded_user_901@example.com,SeededUser@2025
seeded_user_902@example.com,SeededUser@2025
seeded_user_903@example.com,SeededUser@2025
seeded_user_904@example.com,SeededUser@2025
seeded_user_905@example.com,SeededUser@2025
seeded_user_906@example.com,SeededUser@2025
seeded_user_907@example.com,SeededUser@2025
seeded_user_908@example.com,SeededUser@2025
seeded_user_909@example.com,SeededUser@2025
seeded_user_910@example.com,SeededUser@2025
seeded_user_911@example.com,SeededUser@2025
seeded_user_912@example.com,SeededUser@2025
seeded_user_913@example.com,SeededUser@2025
seeded_user_914@example.com,SeededUser@2025
seeded_user_915@example.com,SeededUser@2025
seeded_user_916@example.com,SeededUser@2025
seeded_user_917@example.com,SeededUser@2025
seeded_user_918@example.com,SeededUser@2025
seeded_user_919@example.com,SeededUser@2025
seeded_user_920@example.com,SeededUser@2025
seeded_user_921@example.com,SeededUser@2025
seeded_user_922@example.com,SeededUser@2025
seeded_user_923@example.com,SeededUser@2025
seeded_user_924@example.com,SeededUser@2025
seeded_user_925@example.com,SeededUser@2025
seeded_user_926@example.com,SeededUser@2025
seeded_user_927@example.com,SeededUser@2025
seeded_user_928@example.com,SeededUser@2025
seeded_user_929@example.com,SeededUser@2025
seeded_user_930@example.com,SeededUser@2025
seeded_user_931@example.com,SeededUser@2025
seeded_user_932@example.com,SeededUser@2025
seeded_user_933@example.com,SeededUser@2025
seeded_user_934@example.com,SeededUser@2025
seeded_user_935@example.com,SeededUser@2025
seeded_user_936@example.com,SeededUser@2025
seeded_user_937@example.com,SeededUser@2025
seeded_user_938@example.com,SeededUser@2025
seeded_user_939@example.com,SeededUser@2025
seeded_user_940@example.com,SeededUser@2025
seeded_user_941@example.com,SeededUser@2025
seeded_user_942@example.com,SeededUser@2025
seeded_user_943@example.com,SeededUser@2025
seeded_user_944@example.com,SeededUser@2025
seeded_user_945@example.com,SeededUser@2025
seeded_user_946@example.com,SeededUser@2025
seeded_user_947@example.com,SeededUser@2025
seeded_user_948@example.com,SeededUser@2025
seeded_user_949@example.com,SeededUser@2025
seeded_user_950@example.com,SeededUser@2025
seeded_user_951@example.com,SeededUser@2025
seeded_user_952@example.com,SeededUser@2025
seeded_user_953@example.com,SeededUser@2025
seeded_user_954@example.com,SeededUser@2025
seeded_user_955@example.com,SeededUser@2025
seeded_user_956@example.com,SeededUser@2025
seeded_user_957@example.com,SeededUser@2025
seeded_user_958@example.com,SeededUser@2025
seeded_user_959@example.com,SeededUser@2025
seeded_user_960@example.com,SeededUser@2025
seeded_user_961@example.com,SeededUser@2025
seeded_user_962@example.com,SeededUser@2025
seeded_user_963@example.com,SeededUser@2025
seeded_user_964@example.com,SeededUser@2025
seeded_user_965@example.com,SeededUser@2025
seeded_user_966@example.com,SeededUser@2025
seeded_user_967@example.com,SeededUser@2025
seeded_user_968@example.com,SeededUser@2025
seeded_user_969@example.com,SeededUser@2025
seeded_user_970@example.com,SeededUser@2025
seeded_user_971@example.com,SeededUser@2025
seeded_user_972@example.com,SeededUser@2025
seeded_user_973@example.com,SeededUser@2025
seeded_user_974@example.com,SeededUser@2025
seeded_user_975@example.com,SeededUser@2025
seeded_user_976@example.com,SeededUser@2025
seeded_user_977@example.com,SeededUser@2025
seeded_user_978@example.com,SeededUser@2025
seeded_user_979@example.com,SeededUser@2025
seeded_user_980@example.com,SeededUser@2025
seeded_user_981@example.com,SeededUser@2025
seeded_user_982@example.com,SeededUser@2025
seeded_user_983@example.com,SeededUser@2025
seeded_user_984@example.com,SeededUser@2025
seeded_user_985@example.com,SeededUser@2025
seeded_user_986@example.com,SeededUser@2025
seeded_user_987@example.com,SeededUser@2025
seeded_user_988@example.com,SeededUser@2025
seeded_user_989@example.com,SeededUser@2025
seeded_user_990@example.com,SeededUser@2025
seeded_user_991@example.com,SeededUser@2025
seeded_user_992@example.com,SeededUser@2025
seeded_user_993@example.com,SeededUser@2025
seeded_user_994@example.com,SeededUser@2025
seeded_user_995@example.com,SeededUser@2025
seeded_user_996@example.com,SeededUser@2025
seeded_user_997@example.com,SeededUser@2025
seeded_user_998@example.com,SeededUser@2025
seeded_user_999@example.com,SeededUser@2025
seeded_user_1000@example.com,SeededUser@2025
